이름,나이,거주지
킹세종,32,한양
홍길동,22,율도국
춘향,18,남원
킹세종,32,한양
홍길동,22,율도국
춘향,18,남원
킹세종,32,한양
홍길동,22,율도국
춘향,18,남원
킹세종,32,한양
홍길동,22,율도국
춘향,18,남원
킹세종,32,한양
홍길동,22,율도국
춘향,18,남원
킹세종,32,한양
홍길동,22,율도국
춘향,18,남원
킹세종,32,한양
홍길동,22,율도국
춘향,18,남원
킹세종,32,한양
홍길동,22,율도국
춘향,18,남원
킹세종,32,한양
홍길동,22,율도국
춘향,18,남원
킹세종,32,한양
홍길동,22,율도국
춘향,18,남원
킹세종,32,한양
홍길동,22,율도국
춘향,18,남원
킹세종,32,한양
홍길동,22,율도국
춘향,18,남원
킹세종,32,한양
홍길동,22,율도국
춘향,18,남원
킹세종,32,한양
홍길동,22,율도국
춘향,18,남원
킹세종,32,한양
홍길동,22,율도국
춘향,18,남원
킹세종,32,한양
홍길동,22,율도국
춘향,18,남원
킹세종,32,한양
홍길동,22,율도국
춘향,18,남원
킹세종,32,한양
홍길동,22,율도국
춘향,18,남원
킹세종,32,한양
홍길동,22,율도국
춘향,18,남원
킹세종,32,한양
홍길동,22,율도국
춘향,18,남원
킹세종,32,한양
홍길동,22,율도국
춘향,18,남원
킹세종,32,한양
홍길동,22,율도국
춘향,18,남원
킹세종,32,한양
홍길동,22,율도국
춘향,18,남원
킹세종,32,한양
홍길동,22,율도국
춘향,18,남원
킹세종,32,한양
홍길동,22,율도국
춘향,18,남원
킹세종,32,한양
홍길동,22,율도국
춘향,18,남원
킹세종,32,한양
홍길동,22,율도국
춘향,18,남원
킹세종,32,한양
홍길동,22,율도국
춘향,18,남원
킹세종,32,한양
홍길동,22,율도국
춘향,18,남원
킹세종,32,한양
홍길동,22,율도국
춘향,18,남원
킹세종,32,한양
홍길동,22,율도국
춘향,18,남원
킹세종,32,한양
홍길동,22,율도국
춘향,18,남원
킹세종,32,한양
홍길동,22,율도국
춘향,18,남원
킹세종,32,한양